Comment,feeling,TimeStamp,UID,Url
"攀登者里面的原型吗",0.931055858172417,4149.44600,ebce0199,https://comment.bilibili.com/373222637.xml
"袁泉阿阿阿啊冲冲冲",0.4737672181921908,3042.94800,ebce0199,https://comment.bilibili.com/373222637.xml
"我刚开始以为是桃姐这个电影怎么了 ，谐音梗可还行哈哈哈",0.9939397686450542,512.83700,fdc43c1a,https://comment.bilibili.com/373222637.xml
"靠这不就是我吗",0.3693910911319984,3499.73400,31113a94,https://comment.bilibili.com/373222637.xml
"好爱袁泉哦",0.8211927180316811,3191.88500,31113a94,https://comment.bilibili.com/373222637.xml
"宝藏小袁老师",0.9992390192326048,3747.98500,b0c39bce,https://comment.bilibili.com/373222637.xml
"台词功底深厚",0.9958452458211354,3747.38800,b0c39bce,https://comment.bilibili.com/373222637.xml
"经历过的人 看到这个绷不住了",0.5642918234242434,236.65800,df55dbfd,https://comment.bilibili.com/373222637.xml
"十五年了，历历在目，从来不看灾难片，回忆不想回忆太苦了",0.9999451207064204,325.50800,1903976c,https://comment.bilibili.com/373222637.xml
"好喜欢听故事~",0.9292814817921451,762.21100,d8763d44,https://comment.bilibili.com/373222637.xml
"两个女神啊啊啊啊",0.9418498391513489,3038.57500,4895dfd2,https://comment.bilibili.com/373222637.xml
"禁止套鹅",0.13047255096715504,535.95900,950c9c45,https://comment.bilibili.com/373222637.xml
"陀思妥耶夫斯基",0.5193969958594796,2690.56800,2cf41692,https://comment.bilibili.com/373222637.xml
"良辰美景奈何天，想到了林妹妹",0.8870247450892932,3758.41700,6ce6072,https://comment.bilibili.com/373222637.xml
"成功的作家都善于攻心",0.8428855396584449,2216.12400,6ce6072,https://comment.bilibili.com/373222637.xml
"我的两位女神姐姐！！眼里都是光",0.8763830982286861,3136.78300,b1f3c597,https://comment.bilibili.com/373222637.xml
"原来是校友前辈！！！",0.6071822478469874,4641.90100,1c20ebb0,https://comment.bilibili.com/373222637.xml
"这一句话我记了很多年",0.6521366776933263,1556.11400,803edee3,https://comment.bilibili.com/373222637.xml
"妈妈很温柔很有气质 爸爸很有担当",0.9997988942445183,1864.07900,e16cbc44,https://comment.bilibili.com/373222637.xml
"夺“门”而出，哈哈哈哈，只是想到这个，跟这个情景不一致哈",0.9613552836254237,2416.07400,7d7529d3,https://comment.bilibili.com/373222637.xml
"←生无可恋的传说中的泪人",0.982580577434852,3475.28200,a352228e,https://comment.bilibili.com/373222637.xml
"所以说人间真的有天使对吗",0.8917184925103382,1916.28700,a39dabb6,https://comment.bilibili.com/373222637.xml
"生命以另一种方式在延续",0.9987978679402303,1816.70900,a39dabb6,https://comment.bilibili.com/373222637.xml
"钢琴曲  天空中最亮的星  恰到好处的温柔",0.9904755815583073,1842.00700,c38fb563,https://comment.bilibili.com/373222637.xml
"大自然的语言！",0.8596892892564405,3989.41200,34d8dcc,https://comment.bilibili.com/373222637.xml
"爱了 这声音和强调，熟悉而泪目",0.4694426994446731,1024.39900,90867cd2,https://comment.bilibili.com/373222637.xml
"董老师太会说话了",0.7267123597371359,4905.87400,9d1acbb4,https://comment.bilibili.com/373222637.xml
"我都准备好眼泪了，硬生生给憋回去了",0.8007210543869381,4408.79400,9d1acbb4,https://comment.bilibili.com/373222637.xml
"【夺第】",0.8333333333333333,386.67400,dc95e6ea,https://comment.bilibili.com/373222637.xml
"对于果果的父母，我相信，这是莫大的安慰",0.9902456943526518,2146.27900,329ba9c4,https://comment.bilibili.com/373222637.xml
"用心过好每一天，珍惜已有的生活，善待自己与他人",0.9968644299432781,1852.79500,a72d08f6,https://comment.bilibili.com/373222637.xml
"我还以为要哭了哈哈哈",0.9452548884305535,4408.78300,bcb31972,https://comment.bilibili.com/373222637.xml
"突然想到傅雷家书。同样温暖有爱",0.9974415254602911,3363.24900,1d6ea2b2,https://comment.bilibili.com/373222637.xml
"这个朋友值得一辈子啊",0.9095795284048894,2587.99300,22886d3,https://comment.bilibili.com/373222637.xml
"太难的选择，好温暖的一家人",0.9036606678386334,1627.77400,22886d3,https://comment.bilibili.com/373222637.xml
"啊啊啊啊啊啊啊啊麻麻她笑得好可爱啊TT",0.998482609056048,422.47000,1ff2fdb0,https://comment.bilibili.com/373222637.xml
"我去过这里555成都人！当时一年级同学就说有行星撞地球了",0.9994929013255696,227.43900,82745d7,https://comment.bilibili.com/373222637.xml
"救命  袁泉好看。攻。功底好强",0.9503666477857701,3792.44600,f95c169c,https://comment.bilibili.com/373222637.xml
"好温暖的一家人",0.9492499393274029,1620.88100,3957b97,https://comment.bilibili.com/373222637.xml
"双厨狂喜了家人们",0.717065257987523,3036.33700,8bb6ad4e,https://comment.bilibili.com/373222637.xml
"又给夺回来了",0.7953192934714562,2408.25200,8bb6ad4e,https://comment.bilibili.com/373222637.xml
"《夺门而出》",0.5312848799189701,2397.48900,8bb6ad4e,https://comment.bilibili.com/373222637.xml
"她的笑真的好有感染力",0.9198301704540306,359.72000,aa8d42fb,https://comment.bilibili.com/373222637.xml
"满分作文，我喜欢的排比加对比",0.9836612867149921,4908.82100,b097d8b3,https://comment.bilibili.com/373222637.xml
"好有古典韵味，就像我看老版《红楼梦》一样。",0.998204777914032,3818.71600,5aa3b982,https://comment.bilibili.com/373222637.xml
"友善地吃起了瓜",0.8871616308434355,4499.29900,a74b67b9,https://comment.bilibili.com/373222637.xml
"生命如此须臾短暂 大家一定要天天开心好好爱自己啊",0.9965014292615297,1332.49700,b4e5e64e,https://comment.bilibili.com/373222637.xml
"我们高中语文书里面也有《牡丹亭》里的一个段落。作为古诗文鉴赏。",0.9970818396325201,3699.26100,1e712a1a,https://comment.bilibili.com/373222637.xml
"我当时也坚定的觉得他会醒过来",0.6712198891075444,1320.67700,6d08669c,https://comment.bilibili.com/373222637.xml
"岁月静好的笑容",0.9519644124236443,393.27100,9a5601c7,https://comment.bilibili.com/373222637.xml
"小破站NB！！",0.27478991226271954,57.57900,8449e3aa,https://comment.bilibili.com/373222637.xml
"哈哈哈哈，终身只做一件事",0.9606205376074617,871.36900,4754db55,https://comment.bilibili.com/373222637.xml
"“可以” “还行” 不愧是两口子",0.9935413673975675,4610.06600,958b6a77,https://comment.bilibili.com/373222637.xml
"噗 找对象哈哈哈哈哈哈哈",0.9849607657326452,4403.41200,958b6a77,https://comment.bilibili.com/373222637.xml
"科学家的勇气真是我望尘莫及的",0.9885024549837401,4257.54600,958b6a77,https://comment.bilibili.com/373222637.xml
"隔着屏幕都有一种窒息感",0.7550687468519893,4171.94100,958b6a77,https://comment.bilibili.com/373222637.xml
"这一段不仅仅是朗读了，更有一种表演的故事感在里面",0.9971435424589327,3784.84900,958b6a77,https://comment.bilibili.com/373222637.xml
"袁泉的声音好温柔",0.7987521904693651,3672.27200,958b6a77,https://comment.bilibili.com/373222637.xml
"“在一次又一次的目送当中，转换了身份”",0.6176138338703233,3522.31100,958b6a77,https://comment.bilibili.com/373222637.xml
"这个歪头好可爱！！",0.7233388708734921,3339.74300,958b6a77,https://comment.bilibili.com/373222637.xml
"是ft",0.5,4146.86600,ebce0199,https://comment.bilibili.com/373222637.xml
"前方高能预警",0.8585877027288564,2264.44200,3348b892,https://comment.bilibili.com/373222637.xml
"宝珀理想国",0.9126689576074037,2396.45600,bf81fa81,https://comment.bilibili.com/373222637.xml
"《我与地坛》是真好看",0.6662758660336653,50.28100,d0aab48b,https://comment.bilibili.com/373222637.xml
"有有有",0.16666666666666674,4155.86000,9ef27506,https://comment.bilibili.com/373222637.xml
"背景音乐是什么啊",0.8495489420727435,1136.55200,59ba105,https://comment.bilibili.com/373222637.xml
"眼镜框好有特色",0.5587291467077569,551.04700,412d378f,https://comment.bilibili.com/373222637.xml
"2022-09-12",0.5,565.90800,ef9296f1,https://comment.bilibili.com/373222637.xml
"天呐",0.49255155159791475,4373.12300,cebab902,https://comment.bilibili.com/373222637.xml
"怀念故人！",0.756458679640793,1158.90800,b513d639,https://comment.bilibili.com/373222637.xml
"在任何环境下 首先要善良，其次要诚实，这两个相互链接！讲的太好了！[微笑][微笑][微笑]",0.9983312597622835,2891.29600,d1e0cf87,https://comment.bilibili.com/373222637.xml
"太好了！",0.4734776023452153,312.35200,51fb7cfb,https://comment.bilibili.com/373222637.xml
"想念是我们每个人都忘不了的一件事情。",0.8747309281605169,60.16900,51fb7cfb,https://comment.bilibili.com/373222637.xml
"想念是我们每个人都忘不了的一件事情。",0.8747309281605169,60.16900,51fb7cfb,https://comment.bilibili.com/373222637.xml
"能交到这样的好朋友真的很幸运",0.9569461640050686,2592.00400,3d616f0b,https://comment.bilibili.com/373222637.xml
"泪目了",0.7500624229391235,1416.94800,3d616f0b,https://comment.bilibili.com/373222637.xml
"二老名字都好好听啊，好般配。",0.25820519756823734,4424.06100,6a448dd9,https://comment.bilibili.com/373222637.xml
"曾黎",0.5,3147.44300,63d950d2,https://comment.bilibili.com/373222637.xml
"现在是2022年8月10号",0.1101614358228612,550.62100,57277993,https://comment.bilibili.com/373222637.xml
"看一集哭一集",0.8006171267601013,1633.57600,1a593ff3,https://comment.bilibili.com/373222637.xml
"粤语yyds",0.4737672181921917,1008.87100,1a593ff3,https://comment.bilibili.com/373222637.xml
"14年了",0.4187066288710465,325.60700,1a593ff3,https://comment.bilibili.com/373222637.xml
"袁泉美，声音好听",0.5449424362862432,3085.66900,7ac4773e,https://comment.bilibili.com/373222637.xml
"声音好好听啊",0.29570520645409126,3083.34300,7ac4773e,https://comment.bilibili.com/373222637.xml
"最爱的演员",0.9950876228959754,3043.58600,7ac4773e,https://comment.bilibili.com/373222637.xml
"早就不联系了 真的很可惜",0.6573377200676969,2620.88700,59b00eed,https://comment.bilibili.com/373222637.xml
"泪目了 好感动",0.9724185248067849,1772.49400,342610bf,https://comment.bilibili.com/373222637.xml
"血槽已空",0.3801814911429293,3078.32500,4ebb7a3a,https://comment.bilibili.com/373222637.xml
"来看小袁老师了！",0.9909925549294833,3045.58600,4ebb7a3a,https://comment.bilibili.com/373222637.xml
"哈哈哈哈这么多人看",0.9099987466281285,388.06300,367b5b55,https://comment.bilibili.com/373222637.xml
"有泪光",0.5,967.40200,f5e13d46,https://comment.bilibili.com/373222637.xml
"天啊",0.38121739130434773,4169.35300,94275864,https://comment.bilibili.com/373222637.xml
"印刷体",0.3603879441981477,3357.83400,94275864,https://comment.bilibili.com/373222637.xml
"太好哭了",0.6591731186667872,2166.41900,94275864,https://comment.bilibili.com/373222637.xml
"好催泪",0.6317853705682674,1795.41200,94275864,https://comment.bilibili.com/373222637.xml
"天啊！哭了",0.5698934811781634,1409.91100,94275864,https://comment.bilibili.com/373222637.xml
"天啊哭了",0.5698934811781634,1231.41100,94275864,https://comment.bilibili.com/373222637.xml
"广东人儿听到亲切的粤语 来冒个泡泡",0.8330172291610312,997.84700,cc1e2c51,https://comment.bilibili.com/373222637.xml
"果果的故事太感人了",0.9723861266541697,1933.26100,ab8cfcf1,https://comment.bilibili.com/373222637.xml
"想妈妈能早点过来团聚",0.9543553266681362,406.97100,e8e452e1,https://comment.bilibili.com/373222637.xml
"有人有人滴",0.5912712806611927,380.25200,e8e452e1,https://comment.bilibili.com/373222637.xml
"我也看到了姚贝娜姐姐，全程泪目",0.7524457327744827,2206.86300,e30940d9,https://comment.bilibili.com/373222637.xml
"第一季也有粤语",0.8992808636187921,1146.52800,5e9d200f,https://comment.bilibili.com/373222637.xml
"这个字体是统一的吧",0.7697174806177338,3333.00200,9cee453e,https://comment.bilibili.com/373222637.xml
"对！",0.5262327818078083,1923.08900,2927828d,https://comment.bilibili.com/373222637.xml
"明眸皓齿，真美呀",0.8468576220855522,3627.59100,9df0ce7,https://comment.bilibili.com/373222637.xml
"想念我的父亲陶春鹤",0.9981531554113849,423.08800,9df0ce7,https://comment.bilibili.com/373222637.xml
"傅雷家书温暖有爱？",0.9967477908975887,3373.38600,fed6052,https://comment.bilibili.com/373222637.xml
"首先要善良其次要诚实然后不要遗忘",0.9912891799435681,2963.77100,de1904e1,https://comment.bilibili.com/373222637.xml
"讲真话是要付出代价的",0.9642424115811243,2536.10600,de1904e1,https://comment.bilibili.com/373222637.xml
"太伟大了！！！",0.10929210503817977,4731.41100,fc446193,https://comment.bilibili.com/373222637.xml
"美！",0.8579088471849866,3697.21100,fc446193,https://comment.bilibili.com/373222637.xml
"这情商太高了",0.7577447815473322,885.06100,2473c7c6,https://comment.bilibili.com/373222637.xml
"前面四个鹅都别跑",0.27723112842786357,529.02800,c6cfd78c,https://comment.bilibili.com/373222637.xml
"两个都是我好喜欢的姐姐！",0.9007122483242685,3045.20200,6ce6072,https://comment.bilibili.com/373222637.xml
"许导心态好好，这就已经比大多数人成功了",0.9556091866645774,929.65800,6ce6072,https://comment.bilibili.com/373222637.xml
"有，也就只有想念了，想念，但不打扰，也就只能这样了",0.9076412530898194,395.64200,6ce6072,https://comment.bilibili.com/373222637.xml
"吴京新电影故事的原型吧",0.9961006573099662,227.96100,6ce6072,https://comment.bilibili.com/373222637.xml
"一眼万年啊我卿",0.7439384223809176,44.11400,7064b57e,https://comment.bilibili.com/373222637.xml
"节目做的真好",0.5907512277602115,398.91300,7723cb79,https://comment.bilibili.com/373222637.xml
"像钟表一样信任我，太好了",0.16916730678428848,2601.80700,bbe8e6fc,https://comment.bilibili.com/373222637.xml
"是个狠人",0.26878314839860373,2508.97800,84616ac6,https://comment.bilibili.com/373222637.xml
"哈哈哈哈哈哈哈哈哈哈哈",0.9957269865929866,2498.98300,84616ac6,https://comment.bilibili.com/373222637.xml
"哈哈哈哈哈哈哈哈哈哈哈",0.9957269865929866,2405.81900,84616ac6,https://comment.bilibili.com/373222637.xml
"周国平作者的妞妞，感动",0.9996012864454237,1953.36500,bbe8e6fc,https://comment.bilibili.com/373222637.xml
"真的太催泪了",0.3243312531988157,1783.08800,9fb8c125,https://comment.bilibili.com/373222637.xml
"太惊艳了！",0.7023131625298651,3057.80700,c3f628a5,https://comment.bilibili.com/373222637.xml
"太有心意了",0.3709935091486434,2598.99300,45e86380,https://comment.bilibili.com/373222637.xml
"哈哈啊哈！叫你惹到那女孩",0.8780844279994073,2402.53300,45e86380,https://comment.bilibili.com/373222637.xml
"太感人了",0.9019705481481584,1782.05700,43542551,https://comment.bilibili.com/373222637.xml
"体会体会哈哈哈",0.9811730108326477,4508.88200,5512a09c,https://comment.bilibili.com/373222637.xml
"天手是怎么了",0.5,4257.15100,5512a09c,https://comment.bilibili.com/373222637.xml
"今天是2022,5.13，看到了这一期",0.5625819352222369,284.19500,518fcd0d,https://comment.bilibili.com/373222637.xml
"天使其实在人间。",0.9098706419662568,1926.28800,e9eba0e,https://comment.bilibili.com/373222637.xml
"看到手的这一刻崩不住了",0.4070959748225288,4357.21900,b8e13fa1,https://comment.bilibili.com/373222637.xml
"哈哈哈哈",0.8684210526315791,101.54800,b7d9a032,https://comment.bilibili.com/373222637.xml
"姐姐真的好漂亮",0.9837189596806957,3685.08100,c61c6993,https://comment.bilibili.com/373222637.xml
"气质型美釹",0.9094760927880459,3646.56900,10f0fe79,https://comment.bilibili.com/373222637.xml
"写的太好了",0.4705418963889624,4828.88300,2ff7312a,https://comment.bilibili.com/373222637.xml
"哈哈哈哈，真般配呀",0.8425087992361369,4614.70300,2ff7312a,https://comment.bilibili.com/373222637.xml
"好漂亮啊",0.9389688394024527,3054.66300,2ff7312a,https://comment.bilibili.com/373222637.xml
"太感动了",0.782064823407764,2131.42300,2ff7312a,https://comment.bilibili.com/373222637.xml
"好温柔的俩",0.8902291845219522,3065.07900,39c1c242,https://comment.bilibili.com/373222637.xml
"我也是雅安人",0.9728639244306062,4223.64300,50c72f31,https://comment.bilibili.com/373222637.xml
"好棒 tai美了我的妈呀",0.9893075653820161,3823.24900,6e716e10,https://comment.bilibili.com/373222637.xml
"袁泉真的好美 ",0.92955297616502,3656.33800,6e716e10,https://comment.bilibili.com/373222637.xml
"我们认为伟大的人其实很普通，但正是这一个个普通的人铸就了属于他们的伟大。",0.9432202166228286,1926.92900,c875585f,https://comment.bilibili.com/373222637.xml
"泪崩",0.8437938897592079,4671.56600,31735525,https://comment.bilibili.com/373222637.xml
"致敬！",0.875,4392.02100,31735525,https://comment.bilibili.com/373222637.xml
"我想起我的爸爸了，他每次也都是这样安慰我鼓励我的",0.9978636688874104,3372.04100,31735525,https://comment.bilibili.com/373222637.xml
"我的天太美了吧",0.6124249118469915,3662.75900,f6ad0b78,https://comment.bilibili.com/373222637.xml
"双雪涛来啦！",0.6084484232443683,2200.19900,f6ad0b78,https://comment.bilibili.com/373222637.xml
"会说粤语超酷的好吗",0.498921307479505,1034.02800,4f608807,https://comment.bilibili.com/373222637.xml
"名字好配啊！",0.6330959765296776,4430.70900,46849a17,https://comment.bilibili.com/373222637.xml
"好漂亮",0.9389688394024527,4659.79600,31777f74,https://comment.bilibili.com/373222637.xml
"天啊 谢谢你们的付出",0.827575656128028,4583.25200,31777f74,https://comment.bilibili.com/373222637.xml
"致敬 ",0.875,4383.76400,31777f74,https://comment.bilibili.com/373222637.xml
"眼睛里有光",0.3785410582016119,3088.95900,ab410f66,https://comment.bilibili.com/373222637.xml
"抱抱",0.7499999999999999,1228.51100,ca790093,https://comment.bilibili.com/373222637.xml
"爸爸终于忍不住哭出来了",0.9761026308882504,1805.44000,f111df56,https://comment.bilibili.com/373222637.xml
"袁泉好仙好美哇哇哇女神",0.9533102096773335,3598.50200,7ee9b7df,https://comment.bilibili.com/373222637.xml
"好美啊",0.9119686661707733,3556.50400,7ee9b7df,https://comment.bilibili.com/373222637.xml
"舞台很美",0.9438427956280869,1920.41600,d4421f19,https://comment.bilibili.com/373222637.xml
"双老师口红太红了吧",0.8461883171506972,2284.92900,170631b7,https://comment.bilibili.com/373222637.xml
"哈哈哈哈",0.8684210526315791,4403.49500,b4a47c48,https://comment.bilibili.com/373222637.xml
"好可爱啊",0.8789676580241895,4457.19000,9d430f4d,https://comment.bilibili.com/373222637.xml
"真的好美啊",0.9361279542252586,3079.30300,9d430f4d,https://comment.bilibili.com/373222637.xml
"哈哈哈哈哈哈哈哈哈",0.9957269865929866,2399.62200,19ddcb85,https://comment.bilibili.com/373222637.xml
"画的真好",0.7372919003916545,4587.40600,492e3b6b,https://comment.bilibili.com/373222637.xml
"亮晶晶的眼睛",0.22439424184661116,3746.77000,438a84e4,https://comment.bilibili.com/373222637.xml
"谢玉珍我的奶奶",0.6870316531246087,397.45700,692585c9,https://comment.bilibili.com/373222637.xml
"很棒",0.864864864864865,3375.47000,70dc6939,https://comment.bilibili.com/373222637.xml
"粤语好亲切",0.8786551020725379,1003.85100,37d01229,https://comment.bilibili.com/373222637.xml
"追了三年",0.4973629958825939,4467.38000,55372149,https://comment.bilibili.com/373222637.xml
"好喜欢这句话",0.8001803936667033,1602.26900,55372149,https://comment.bilibili.com/373222637.xml
"第一次在《朗读者》听粤语朗读",0.8571685389084386,1102.15400,55372149,https://comment.bilibili.com/373222637.xml
"绣的太好了吧",0.44739123205816433,4658.02200,af2955b6,https://comment.bilibili.com/373222637.xml
"太用心了",0.6773901138990605,1896.35900,e5b8bf51,https://comment.bilibili.com/373222637.xml
"眼神绝了",0.8338411492373967,3819.78600,c38fb563,https://comment.bilibili.com/373222637.xml
"泪流满面",0.6428571428571428,1795.60700,c38fb563,https://comment.bilibili.com/373222637.xml
"是有多大的勇气，能面不改色地说出来这一切",0.4976878097103432,1532.87900,947c4cef,https://comment.bilibili.com/373222637.xml
"哈哈哈哈哈哈",0.9751349273004098,4503.92700,533af42,https://comment.bilibili.com/373222637.xml
"哈哈哈哈哈哈哈哈",0.9751349273004098,4405.46100,533af42,https://comment.bilibili.com/373222637.xml
"天啊！",0.38121739130434773,4370.29700,533af42,https://comment.bilibili.com/373222637.xml
"这是后期字体，不是原件",0.9575403872153587,3336.98800,57fc4928,https://comment.bilibili.com/373222637.xml
"另外的一种形式",0.909034524960345,1493.39400,7e8eae59,https://comment.bilibili.com/373222637.xml
"+1",0.8,134.81900,1a94b7e3,https://comment.bilibili.com/373222637.xml
"与马伊琍声音很像感觉",0.5803490217323234,3162.43600,db86c4b2,https://comment.bilibili.com/373222637.xml
"董卿自传好看",0.9410790614682008,431.34600,db86c4b2,https://comment.bilibili.com/373222637.xml
"字体真好",0.7542810311832071,3342.36400,9ad39f88,https://comment.bilibili.com/373222637.xml
"生命 得以延续",0.9963597907473613,1819.52700,9ad39f88,https://comment.bilibili.com/373222637.xml
"竺可桢老先生啊！！",0.2804184384868764,3983.10000,93e8c69b,https://comment.bilibili.com/373222637.xml
"哈哈哈哈",0.8684210526315791,4434.39400,f4b5cb73,https://comment.bilibili.com/373222637.xml
"哈哈哈 ",0.8684210526315791,4418.36100,f4b5cb73,https://comment.bilibili.com/373222637.xml
"两位气质美女",0.4146369255581409,3553.64400,f4b5cb73,https://comment.bilibili.com/373222637.xml
"哭死我啦",0.49725092328909837,1791.66800,f4b5cb73,https://comment.bilibili.com/373222637.xml
"哈哈哈哈哈哈哈笑死我连夜 这女孩真虎",0.9227028300681102,2400.61200,47101866,https://comment.bilibili.com/373222637.xml
"好可爱啊",0.8789676580241895,4451.81500,3439a5f6,https://comment.bilibili.com/373222637.xml
"哈哈哈哈哈哈哈哈",0.9751349273004098,4501.15400,9d1acbb4,https://comment.bilibili.com/373222637.xml
"哈哈哈哈哈哈哈哈哈哈哈哈哈哈，笑死了，连夜哈哈哈，绝！",0.9994590019332543,2398.00000,9d1acbb4,https://comment.bilibili.com/373222637.xml
"哈哈",0.5262327818078083,533.89100,7020fe63,https://comment.bilibili.com/373222637.xml
"前面三个鹅都别跑",0.17961454131925747,522.70000,edba42c0,https://comment.bilibili.com/373222637.xml
"呜呜呜",0.5262327818078083,1604.10300,e6d1f90f,https://comment.bilibili.com/373222637.xml
"[ohhhh]",0.5,424.85500,dc95e6ea,https://comment.bilibili.com/373222637.xml
"[ohhhhhh]",0.5,376.93400,dc95e6ea,https://comment.bilibili.com/373222637.xml
"[ohhhhhhhh]",0.5,74.63500,dc95e6ea,https://comment.bilibili.com/373222637.xml
"[ohhhhhhhhhhhhhhhhhhhh]",0.5,65.05400,dc95e6ea,https://comment.bilibili.com/373222637.xml
"神仙好朋友",0.9236744752816628,2598.95700,28574291,https://comment.bilibili.com/373222637.xml
"我觉得袁泉语言腔调好好听 ",0.44417117612851864,3067.45100,4d59d72f,https://comment.bilibili.com/373222637.xml
"眼泪都快掉下来 又笑了",0.6313819322568552,4407.62000,3be7e93,https://comment.bilibili.com/373222637.xml
"太伟大了，亲情的爱是多么美好伟大",0.9945410494054169,2033.77700,e064722b,https://comment.bilibili.com/373222637.xml
"这个字是印刷体",0.31173145202429964,3332.79000,e531f676,https://comment.bilibili.com/373222637.xml
"谢晋导演永远的神",0.8830225327523045,673.97300,e531f676,https://comment.bilibili.com/373222637.xml
"社会上有很多小霍，",0.8434736350724366,2541.38200,1d6ea2b2,https://comment.bilibili.com/373222637.xml
"怀念老朋友，所以用粤语。",0.9267099509273073,1123.70900,2ae52f86,https://comment.bilibili.com/373222637.xml
"没有收过父母信的我，挺羡慕",0.9984251979042755,3397.28300,22886d3,https://comment.bilibili.com/373222637.xml
"字好漂亮啊",0.9251895794386323,3321.39300,6c9a17f7,https://comment.bilibili.com/373222637.xml
"她们都好漂亮啊",0.9444822971473734,3193.63100,6c9a17f7,https://comment.bilibili.com/373222637.xml
"想到了周国平的《妞妞》，多么可爱的一个小姑娘啊",0.9995442642979339,1813.95100,6c9a17f7,https://comment.bilibili.com/373222637.xml
"太好哭了这一段",0.8018332530225419,1777.79100,6c9a17f7,https://comment.bilibili.com/373222637.xml
"妈妈好有气质",0.9419272454489117,1247.91400,6c9a17f7,https://comment.bilibili.com/373222637.xml
"看到了姚贝娜 泪奔",0.9579257920318253,2166.62300,49a0de4e,https://comment.bilibili.com/373222637.xml
"200",0.3255813953488371,89.93800,e2fa6cfe,https://comment.bilibili.com/373222637.xml
"庭院深深深几许，杨柳堆烟，帘幕无重数。",0.998400121289236,1104.55000,1ff2fdb0,https://comment.bilibili.com/373222637.xml
"卿是不是在弹后面那个靠枕啊  好可爱啊",0.8273193182383594,678.39700,1ff2fdb0,https://comment.bilibili.com/373222637.xml
"85岁！！我天",0.05184103006954799,3902.47300,454dc83,https://comment.bilibili.com/373222637.xml
"真好听",0.33715818128822317,1044.85600,5ebb4285,https://comment.bilibili.com/373222637.xml
"他没有做错啊。。。",0.4581875877112891,2535.41800,4f23c30e,https://comment.bilibili.com/373222637.xml
"哈哈哈哈哈哈",0.9751349273004098,2402.52900,4f23c30e,https://comment.bilibili.com/373222637.xml
"牡丹亭艳曲警芳心",0.9396711488286438,3721.44300,2fdfaed0,https://comment.bilibili.com/373222637.xml
"太有感觉了吧",0.36418187413499203,3671.06800,58e214a2,https://comment.bilibili.com/373222637.xml
"想念是拥有的另外一种形式",0.9980293818176511,108.52800,f285eaf0,https://comment.bilibili.com/373222637.xml
"袁泉一直给我很舒服的感觉",0.8060224273702453,3422.67300,82745d7,https://comment.bilibili.com/373222637.xml
"好熟悉",0.837330186885676,2745.17300,82745d7,https://comment.bilibili.com/373222637.xml
"卧槽衣服同款",0.5032720583176518,116.70700,82745d7,https://comment.bilibili.com/373222637.xml
"破防了呜呜呜",0.1759559964475833,2040.02100,93aa4753,https://comment.bilibili.com/373222637.xml
"高11班hi",0.6451731640433365,685.28200,7c923108,https://comment.bilibili.com/373222637.xml
"天 太美了",0.6124249118469915,3064.54800,70be0268,https://comment.bilibili.com/373222637.xml
"泪目了",0.7500624229391235,2596.11900,7619626b,https://comment.bilibili.com/373222637.xml
"这样声音我喜欢",0.5324923738206283,2293.45300,7619626b,https://comment.bilibili.com/373222637.xml
"这一段真的是朗读的艺术了",0.9179786705796014,3800.16700,4b03ae78,https://comment.bilibili.com/373222637.xml
"好厉害的女孩",0.7224367587216034,2414.73800,4b03ae78,https://comment.bilibili.com/373222637.xml
"粤语好听，诗也好美啊",0.9748385950556687,1148.56200,4b03ae78,https://comment.bilibili.com/373222637.xml
"谢谢你  陌生人",0.21027205388363868,1847.76400,19163188,https://comment.bilibili.com/373222637.xml
"好有气质",0.7501663190790665,1243.15900,d49bad83,https://comment.bilibili.com/373222637.xml
"太厉害了！",0.20949237914882768,507.47900,d49bad83,https://comment.bilibili.com/373222637.xml
"好厉害！",0.4907501449846001,478.05900,d49bad83,https://comment.bilibili.com/373222637.xml
"前面两个鹅都别跑",0.18696237384162917,516.70900,b559a53b,https://comment.bilibili.com/373222637.xml
"妈妈好温柔啊，果果很幸福无论在哪",0.999254627151748,1285.30800,da83005a,https://comment.bilibili.com/373222637.xml
"第一次认识到袁泉的美",0.8285626167881756,3407.30600,c05cad0f,https://comment.bilibili.com/373222637.xml
"现在我在外地上大学爸爸和妈妈也是这样，在我去学校之前会给我买很多好吃的，呜呜呜",0.9995820806420718,3429.90900,28bd97,https://comment.bilibili.com/373222637.xml
"在家的妈妈",0.8437938897592073,401.19400,28bd97,https://comment.bilibili.com/373222637.xml
"真是艰难的抉择",0.9624691932095268,1526.60900,af5cf16c,https://comment.bilibili.com/373222637.xml
"好喜欢，马上就要哭了",0.8945589315734581,2708.12300,4fb03680,https://comment.bilibili.com/373222637.xml
"这不是自己写的呀是打印字体",0.20249223634624958,3352.07700,f19b1a9a,https://comment.bilibili.com/373222637.xml
"同事的孩子也是这样离开的",0.7210222708693543,1304.99900,f19b1a9a,https://comment.bilibili.com/373222637.xml
"好有意义",0.7296755126568085,302.67900,f19b1a9a,https://comment.bilibili.com/373222637.xml
"当时直播看的时候，哭得泪流满面的",0.8238601332540418,1696.57800,bca34d4b,https://comment.bilibili.com/373222637.xml
"人为什么可以这么伟大！",0.5702515177797052,1870.56000,b9d5831f,https://comment.bilibili.com/373222637.xml
"读的好有味道",0.804236620678289,3733.70500,a53636e7,https://comment.bilibili.com/373222637.xml
"袁泉声音好好听",0.2743105039613798,3705.71200,a53636e7,https://comment.bilibili.com/373222637.xml
"啊啊我的老乡姐姐",0.6520980074279961,3047.61800,9f1a1d5c,https://comment.bilibili.com/373222637.xml
"前面的鹅别跑",0.5086827212524869,511.79500,9f1a1d5c,https://comment.bilibili.com/373222637.xml
"太痛心了",0.4855157087224008,1349.17500,f6f59ff6,https://comment.bilibili.com/373222637.xml
"太感动了",0.782064823407764,1866.62900,341a49ae,https://comment.bilibili.com/373222637.xml
"太感动了",0.782064823407764,1531.80800,341a49ae,https://comment.bilibili.com/373222637.xml
"破防了，",0.1759559964475833,2034.42800,ad99dbc,https://comment.bilibili.com/373222637.xml
"我在我在我",0.5262327818078083,410.36500,cdcc8d97,https://comment.bilibili.com/373222637.xml
"1111",0.5,396.66900,cdcc8d97,https://comment.bilibili.com/373222637.xml
"泪目了",0.7500624229391235,1525.29600,29a3a3f0,https://comment.bilibili.com/373222637.xml
"哇 开场白也太会了吧",0.2862274747672612,429.18100,d4d5658a,https://comment.bilibili.com/373222637.xml
"太有感觉了粤语",0.34022611764770916,1142.33700,33f8b1fd,https://comment.bilibili.com/373222637.xml
"这家伙儿瘦了好多",0.642562946027436,431.30800,fc1e083d,https://comment.bilibili.com/373222637.xml
"得多难做决定啊",0.538040752931395,1528.87300,aeddfd21,https://comment.bilibili.com/373222637.xml
"好有气质",0.7501663190790665,1227.71100,aeddfd21,https://comment.bilibili.com/373222637.xml
"这钢琴曲恰到好处，绝了",0.8964212957918352,1823.14000,bb9a010c,https://comment.bilibili.com/373222637.xml
"她好漂亮",0.9389688394024527,3188.62400,2a0136e4,https://comment.bilibili.com/373222637.xml
"有啊",0.5262327818078083,381.29600,b0c5f78f,https://comment.bilibili.com/373222637.xml
"字太好看了吧那会还那么小慕了",0.5335203802368398,3347.14900,48f95d25,https://comment.bilibili.com/373222637.xml
"美啊",0.8579088471849866,3072.55300,75609890,https://comment.bilibili.com/373222637.xml
"言传身教",0.7499999999999999,3371.48700,e28fc281,https://comment.bilibili.com/373222637.xml
"真的不敢看这段……",0.8245928382160347,1341.96100,e28fc281,https://comment.bilibili.com/373222637.xml
"唉……我觉得我看不完这一段了。这才几句话就泪流满面了。",0.8039986495097335,1297.82900,e28fc281,https://comment.bilibili.com/373222637.xml
"天哪，已经哭了T﹏T",0.5439832727705343,1251.18800,e28fc281,https://comment.bilibili.com/373222637.xml
"很感人很有画面感的一首诗",0.999609887389304,1144.58900,e28fc281,https://comment.bilibili.com/373222637.xml
"好好看，意犹未尽",0.9518391924047773,4994.02300,8d71c66,https://comment.bilibili.com/373222637.xml
"这段bgm叫什么呀",0.6765978119441514,1541.60700,86528077,https://comment.bilibili.com/373222637.xml
"哈哈哈哈哈哈",0.9751349273004098,2399.76600,96bd303a,https://comment.bilibili.com/373222637.xml
"好感人的一期",0.9772892786230165,4943.32900,bcf321f7,https://comment.bilibili.com/373222637.xml
"袁泉的眼睛太漂亮了",0.8156107446821502,3203.53700,c44f798d,https://comment.bilibili.com/373222637.xml
"哇双雪涛",0.6084484232443683,2492.60300,c44f798d,https://comment.bilibili.com/373222637.xml
"哈哈哈哈哈哈哈无所谓",0.9512945636895394,4430.09000,3c76a005,https://comment.bilibili.com/373222637.xml
"哭了，感动",0.9423855633180073,2153.61400,4fac2be8,https://comment.bilibili.com/373222637.xml
"1",0.32689832689832665,3403.69900,2a6553e5,https://comment.bilibili.com/373222637.xml
"只可意会不可言传 哈哈",0.8576544077469158,4516.21200,3ac2f38c,https://comment.bilibili.com/373222637.xml
"随着通信的越来越方便 离别之情 愈发淡漠",0.9829034277619104,3543.89400,3ac2f38c,https://comment.bilibili.com/373222637.xml
"这叫前瞻性智慧",0.7901315522156732,3466.18000,3ac2f38c,https://comment.bilibili.com/373222637.xml
"哈哈哈哈哈",0.8684210526315791,4415.51400,b8a45272,https://comment.bilibili.com/373222637.xml
"每次看这里都泪流满面",0.8115262057520227,1962.15800,f61cf422,https://comment.bilibili.com/373222637.xml
"第三季出了 冲啊",0.33673271240039704,419.38000,9a5601c7,https://comment.bilibili.com/373222637.xml
"姐姐声音真的太好听了",0.6169489279612043,3138.84100,cf9a1f65,https://comment.bilibili.com/373222637.xml
"袁泉老师！！！",0.6046643373965652,3037.04100,cf9a1f65,https://comment.bilibili.com/373222637.xml
"我也有这样的烦恼",0.7777777777777779,3271.64900,f06f74b6,https://comment.bilibili.com/373222637.xml
"这什么好朋友啊",0.7288788869901788,2592.15000,f06f74b6,https://comment.bilibili.com/373222637.xml
"哈哈哈哈哈哈哈哈",0.9751349273004098,2395.87900,9b599b7e,https://comment.bilibili.com/373222637.xml
"哈哈哈哈哈 可以、还行",0.9384135945237775,4614.75100,e9bc1476,https://comment.bilibili.com/373222637.xml
"画的真好看啊",0.9277464537187721,4592.19100,e9bc1476,https://comment.bilibili.com/373222637.xml
"哈哈哈 自己体会去",0.9462362528513039,4504.90000,e9bc1476,https://comment.bilibili.com/373222637.xml
"心疼",0.5581395348837209,4600.07100,95c14474,https://comment.bilibili.com/373222637.xml
"桃姐 我好像懂了！！！！",0.5891078488056284,501.20700,cf440524,https://comment.bilibili.com/373222637.xml
"小袁老师",0.9884785385758021,3031.88200,8a04e5aa,https://comment.bilibili.com/373222637.xml
"人在这儿呢！",0.5702515177797052,376.07400,4754db55,https://comment.bilibili.com/373222637.xml
"泪目了",0.7500624229391235,250.87900,4754db55,https://comment.bilibili.com/373222637.xml
"妈妈好温柔",0.9798628000357227,1244.83700,516920c2,https://comment.bilibili.com/373222637.xml
"家教很好",0.9052074671668022,3369.39300,6d0298dc,https://comment.bilibili.com/373222637.xml
"哈哈哈哈",0.8684210526315791,4407.11400,1e49d65d,https://comment.bilibili.com/373222637.xml
"3",0.3901209677419354,56.06600,2fb2d0e1,https://comment.bilibili.com/373222637.xml
"2",0.3305578684429642,54.93800,5a181239,https://comment.bilibili.com/373222637.xml
"因为版权才买好多人不知道",0.06206614866721405,155.79200,ee126227,https://comment.bilibili.com/373222637.xml
"贺龙元帅!!",0.5607484469549082,3948.37400,8b91913e,https://comment.bilibili.com/373222637.xml
"1",0.32689832689832665,374.56800,8b91913e,https://comment.bilibili.com/373222637.xml
"面前的两份美好",0.8209172885997043,3056.29600,7148e7ae,https://comment.bilibili.com/373222637.xml
"崔老真的好幽默",0.932899870972176,4423.80700,e2db8ac5,https://comment.bilibili.com/373222637.xml
"袁泉眼睛里有星辰大海哎",0.6161400181614234,3102.30300,70e21dad,https://comment.bilibili.com/373222637.xml
"双雪涛先生好英俊啊",0.8276597183770354,2398.60900,cbe1d24b,https://comment.bilibili.com/373222637.xml
"哈哈哈哈哈哈哈哈哈哈哈哈",0.9992783121459906,4610.04100,958b6a77,https://comment.bilibili.com/373222637.xml
"哈哈哈哈哈哈哈",0.9751349273004098,4608.91400,958b6a77,https://comment.bilibili.com/373222637.xml
"哈哈哈哈h哈哈哈哈哈还行可还行",0.9947142664869786,4616.10900,958b6a77,https://comment.bilibili.com/373222637.xml
"画画得很好诶",0.8112723394330117,4590.19900,958b6a77,https://comment.bilibili.com/373222637.xml
"好心疼",0.6842772212903513,4584.27600,958b6a77,https://comment.bilibili.com/373222637.xml
"好羡慕这种相伴到老的爱情",0.9989242137071547,4418.65700,958b6a77,https://comment.bilibili.com/373222637.xml
"崔老的右手，触目惊心啊",0.5052119051528011,4374.31000,958b6a77,https://comment.bilibili.com/373222637.xml
"纪念战友",0.9753774556138436,4304.91800,958b6a77,https://comment.bilibili.com/373222637.xml
"居然是和贺龙汇报工作",0.2145343460351402,3943.51300,958b6a77,https://comment.bilibili.com/373222637.xml
"崔爷爷说话好清楚",0.9712435979995572,3929.28500,958b6a77,https://comment.bilibili.com/373222637.xml
"袁泉气质好棒",0.9085012377840976,3768.76500,958b6a77,https://comment.bilibili.com/373222637.xml
"舞台背景做的好漂亮",0.9895053604572617,3737.48000,958b6a77,https://comment.bilibili.com/373222637.xml
"我也是 进站之后就催父母赶紧走 不敢看他们了",0.484437919860237,3479.43900,958b6a77,https://comment.bilibili.com/373222637.xml
"姐姐在别的采访里也提到过这些内容",0.8606332447032532,3433.99500,958b6a77,https://comment.bilibili.com/373222637.xml
"她爸爸妈妈人好棒",0.9977178899520566,3376.10700,958b6a77,https://comment.bilibili.com/373222637.xml
"字体好好看",0.8699854583049663,3323.40200,958b6a77,https://comment.bilibili.com/373222637.xml
"1",0.32689832689832665,50.51300,cd53db3b,https://comment.bilibili.com/373222637.xml
"袁泉的眼睛好有味道",0.5748081075792802,3202.86300,958b6a77,https://comment.bilibili.com/373222637.xml
"记得好清楚",0.8622661282065964,3162.53400,958b6a77,https://comment.bilibili.com/373222637.xml
"曾黎最近几年好像作品不是很多",0.625030287775959,3150.84600,958b6a77,https://comment.bilibili.com/373222637.xml
"表白两位女神！",0.45819960249984615,3060.55600,958b6a77,https://comment.bilibili.com/373222637.xml
"董卿这里好可爱",0.8673424330379874,874.94100,958b6a77,https://comment.bilibili.com/373222637.xml
"舞台好美",0.9395571793204326,342.68100,958b6a77,https://comment.bilibili.com/373222637.xml
"十三年了",0.5231453251042464,317.90300,958b6a77,https://comment.bilibili.com/373222637.xml
"这文案满分",0.890142453148024,62.43600,94275864,https://comment.bilibili.com/373222637.xml
"100",0.5555555555555554,72.14000,dfc64b4b,https://comment.bilibili.com/373222637.xml
"小破站NB",0.1121399158450459,61.25500,1a94b7e3,https://comment.bilibili.com/373222637.xml
"想念是拥有的另外一种形式",0.9980293818176511,63.33800,5941290d,https://comment.bilibili.com/373222637.xml
"[ohhhhh]",0.5,60.21500,dc95e6ea,https://comment.bilibili.com/373222637.xml
"[ohhhhh]",0.5,61.66900,ff4a13fe,https://comment.bilibili.com/373222637.xml
"董卿我的神",0.5787951414223784,62.37400,d4d3e401,https://comment.bilibili.com/373222637.xml
"5",0.4591836734693877,62.13900,c3268e01,https://comment.bilibili.com/373222637.xml
"唉，读完了，读完了",0.9724402136295237,4891.59200,e33ccc32,https://comment.bilibili.com/373222637.xml
"我在2022 11 13怀念卿涛盛世和没有疫情的日子",0.9467602757059367,571.55700,fdc43c1a,https://comment.bilibili.com/373222637.xml
"我在2022，11月11怀念没有疫情的日子",0.48695874480932344,564.78900,9fdad24e,https://comment.bilibili.com/373222637.xml
"感动",0.8837920489296636,300.20300,e3f6511,https://comment.bilibili.com/373222637.xml
"扎西东珠",0.5564070836380945,424.26800,9f971d2a,https://comment.bilibili.com/373222637.xml
"没人吗？",0.3955160773446883,4146.14200,d4a4309e,https://comment.bilibili.com/373222637.xml
"姚贝娜",0.4737672181921908,2166.26900,44c42ca,https://comment.bilibili.com/373222637.xml
"2022-9-17",0.5,573.81300,33354c52,https://comment.bilibili.com/373222637.xml
"珍惜生命，好好活着，热爱生活，爱家人",0.9999193679674683,1860.75700,8b527b39,https://comment.bilibili.com/373222637.xml
"破防了",0.1759559964475833,2133.73400,cd859962,https://comment.bilibili.com/373222637.xml
"20229-13",0.5,576.94600,9621d426,https://comment.bilibili.com/373222637.xml
"哈",0.5262327818078083,550.13500,9621d426,https://comment.bilibili.com/373222637.xml
"董卿yyds",0.4737672181921908,124.30400,e7e6d3e3,https://comment.bilibili.com/373222637.xml
"好",0.6558628208940429,3123.38700,97f4a16c,https://comment.bilibili.com/373222637.xml
"翅膀上驮着天堂亲人的希望你要高高飞翔",0.9942789895361458,1590.55300,8522bec0,https://comment.bilibili.com/373222637.xml
"哭惨了",0.8113717172248371,1800.90000,52cb8c47,https://comment.bilibili.com/373222637.xml
"嘿嘿我猜对了",0.7580397968396635,480.33100,94d21b61,https://comment.bilibili.com/373222637.xml
"是许鞍华导演吗？",0.7991569564708587,456.04500,94d21b61,https://comment.bilibili.com/373222637.xml
"哭死我了",0.49725092328909837,1915.80900,b513d639,https://comment.bilibili.com/373222637.xml
"遗体捐献已经五年，未来一天我走了，身体服务人民，骨灰飞扬大海。",0.9792702105542902,1880.79300,1903976c,https://comment.bilibili.com/373222637.xml
"泪目",0.7500624229391235,4680.67100,3d616f0b,https://comment.bilibili.com/373222637.xml
"谢谢",0.5965665236051504,1873.07100,d70130b,https://comment.bilibili.com/373222637.xml
"两个女神",0.6894710903777779,371.72100,4895dfd2,https://comment.bilibili.com/373222637.xml
"有人吗",0.5543071161048689,73.44600,367b5b55,https://comment.bilibili.com/373222637.xml
"太了不起了天啊",0.3435835366330702,4583.33500,94275864,https://comment.bilibili.com/373222637.xml
"太了不起了",0.4855157087224008,4390.83400,94275864,https://comment.bilibili.com/373222637.xml
"先天性的没办法哎",0.10162829367539106,1349.41100,94275864,https://comment.bilibili.com/373222637.xml
"9",0.32208588957055173,69.60700,77a8f697,https://comment.bilibili.com/373222637.xml
"天人永隔",0.6335290035389227,1256.32700,61408ce1,https://comment.bilibili.com/373222637.xml
"哭惨了",0.8113717172248371,1778.46800,fe7913e1,https://comment.bilibili.com/373222637.xml
"口音好重啊",0.7993689741623836,2315.07000,95e04496,https://comment.bilibili.com/373222637.xml
"馬賽克都懶得打了嗎",0.5674108818406391,1170.61000,f979e4c3,https://comment.bilibili.com/373222637.xml
"受不了了",0.1875,1774.35900,fd8ce1ac,https://comment.bilibili.com/373222637.xml
"不是，她是回族混血",0.5875211305051237,3085.12500,9cee453e,https://comment.bilibili.com/373222637.xml
"作人哈哈",0.45112739429056137,869.97500,e3d18328,https://comment.bilibili.com/373222637.xml
"。",0.5262327818078083,4905.44700,a7163ca8,https://comment.bilibili.com/373222637.xml
"为什么得这个病啊",0.44285714285714295,1330.62000,60e7f022,https://comment.bilibili.com/373222637.xml
"伟大",0.5262327818078083,4835.23100,fc446193,https://comment.bilibili.com/373222637.xml
"伟大",0.5262327818078083,4778.15100,fc446193,https://comment.bilibili.com/373222637.xml
"伟大",0.5262327818078083,4753.39100,fc446193,https://comment.bilibili.com/373222637.xml
"太伟大了",0.34387502381406,2193.91100,fc446193,https://comment.bilibili.com/373222637.xml
"我的妈呀 这身体硬朗啊 完全看不出来是85岁高龄了",0.9176059078242936,3895.32700,90da7c43,https://comment.bilibili.com/373222637.xml
"费奥多尔·米哈尔伊维奇·陀思妥耶夫斯基",0.7395846791785609,2894.72300,2153cb24,https://comment.bilibili.com/373222637.xml
"2022.卿，我好想你",0.7642709336536204,398.26900,7064b57e,https://comment.bilibili.com/373222637.xml
"家人",0.6461538461538461,406.97900,7723cb79,https://comment.bilibili.com/373222637.xml
"哪一个方向 绷不住了太感人了",0.9135728301211405,1825.50900,84616ac6,https://comment.bilibili.com/373222637.xml
"身体真好",0.8808878614096336,3895.61200,72db2446,https://comment.bilibili.com/373222637.xml
"这弹幕开跟没开一样",0.41425495556661285,365.94700,d4d3e401,https://comment.bilibili.com/373222637.xml
"我不怕死",0.3150105708245242,3860.84600,45e86380,https://comment.bilibili.com/373222637.xml
"听董卿说话真舒服！",0.6004814580426296,3029.75600,45e86380,https://comment.bilibili.com/373222637.xml
"nuvole bianche",0.4737672181921908,1571.51000,8cdaeb4f,https://comment.bilibili.com/373222637.xml
"泪目",0.7500624229391235,2030.30800,45e86380,https://comment.bilibili.com/373222637.xml
"董卿！",0.5,69.34700,edcaa92d,https://comment.bilibili.com/373222637.xml
"泪目",0.7500624229391235,1400.98800,50034bc7,https://comment.bilibili.com/373222637.xml
"看走路姿势听言谈交流跟50多似的",0.6945132688391913,3937.00600,a168d813,https://comment.bilibili.com/373222637.xml
"简介明了",0.6788435421450121,4611.12300,5512a09c,https://comment.bilibili.com/373222637.xml
"袁泉的牙应该不是烤瓷",0.06825174205021778,3785.36800,518fcd0d,https://comment.bilibili.com/373222637.xml
"吾庐独破受冻死亦足",0.13247967955235018,2845.88200,5165a440,https://comment.bilibili.com/373222637.xml
"4",0.4109289617486338,58.22300,ecbb7f2d,https://comment.bilibili.com/373222637.xml
"老爷爷是个真性情的人",0.766490147208115,4876.12000,e4eba20e,https://comment.bilibili.com/373222637.xml
"家父",0.8668885517406201,404.83800,5165a440,https://comment.bilibili.com/373222637.xml
"6",0.38994800693240883,68.99900,b7d9a032,https://comment.bilibili.com/373222637.xml
"4",0.4109289617486338,56.47900,b7d9a032,https://comment.bilibili.com/373222637.xml
"好有气质，好知性迷人",0.954295038712174,3677.96900,fd32341e,https://comment.bilibili.com/373222637.xml
"哭的不能自已",0.6520098194493079,1773.28300,9bc28c45,https://comment.bilibili.com/373222637.xml
"泪目了，伟大的父母",0.9397286427203833,1780.64700,fd32341e,https://comment.bilibili.com/373222637.xml
"他轻轻的来了带给了别人生的希望但他又轻轻的走了阳光洒向大地",0.9369576715048744,1746.40400,92639595,https://comment.bilibili.com/373222637.xml
"想念不戴口罩的日子了   希望疫情快快好起来",0.9762824868403064,455.75900,d02bbef5,https://comment.bilibili.com/373222637.xml
"真正的告别不是死亡，而是遗忘",0.9940371979667061,2999.95900,1cd602b1,https://comment.bilibili.com/373222637.xml
"姚贝娜",0.4737672181921908,2166.43400,9cc297f8,https://comment.bilibili.com/373222637.xml
"一席演讲他讲过详细的，更感动",0.9878569272824584,2376.79900,f6ad0b78,https://comment.bilibili.com/373222637.xml
"那她不想我怎么办",0.22648294891033915,64.60300,3503b4c5,https://comment.bilibili.com/373222637.xml
"好了好了我明白了，等我不行了我也劝捐，说到做到",0.3479730520247398,2189.80000,a352228e,https://comment.bilibili.com/373222637.xml
"董卿对白色真是执着……",0.8711769153129039,367.83600,a352228e,https://comment.bilibili.com/373222637.xml
"致敬",0.875,4587.91900,e3d44708,https://comment.bilibili.com/373222637.xml
"要哭死了",0.49725092328909837,2061.75000,f111df56,https://comment.bilibili.com/373222637.xml
"张玉桂我的奶奶",0.4073426591340056,409.89400,6ef6a192,https://comment.bilibili.com/373222637.xml
"我死后仍有几个人替我活下去，这将是一件很好的事情",0.8412316628436387,2095.57900,abaa9144,https://comment.bilibili.com/373222637.xml
"我女神",0.7499999999999999,3044.62500,14ee4229,https://comment.bilibili.com/373222637.xml
"好感人",0.9709793681024435,1773.19100,55372149,https://comment.bilibili.com/373222637.xml
"泪目",0.7500624229391235,1712.30600,55372149,https://comment.bilibili.com/373222637.xml
"这是她妈妈永远的痛",0.963037251929187,1534.31600,5b8845dd,https://comment.bilibili.com/373222637.xml
"竺校长",0.9539316847345612,3984.93400,c700858,https://comment.bilibili.com/373222637.xml
"艳粉新村",0.8020859269935734,2302.37300,c700858,https://comment.bilibili.com/373222637.xml
"很近的，雅安是当年西康省省会",0.9918725276406746,4223.18900,533af42,https://comment.bilibili.com/373222637.xml
".",0.5262327818078083,2816.04100,a9b476f8,https://comment.bilibili.com/373222637.xml
"老院长",0.8440474385423488,682.03300,f753519d,https://comment.bilibili.com/373222637.xml
"我的三个学生都是这个病",0.5697612182807785,1315.05500,7e8eae59,https://comment.bilibili.com/373222637.xml
"滤镜严重",0.4553354903652139,626.31700,db86c4b2,https://comment.bilibili.com/373222637.xml
"真实身体硬朗",0.9884945911053656,3924.92600,9ad39f88,https://comment.bilibili.com/373222637.xml
"谢谢",0.5965665236051504,4928.29600,f4b5cb73,https://comment.bilibili.com/373222637.xml
"教授们都那么幽默吗？",0.7620507607677747,4408.15400,f4b5cb73,https://comment.bilibili.com/373222637.xml
"四川",0.25806451612903236,1714.27500,f4b5cb73,https://comment.bilibili.com/373222637.xml
"妈妈",0.8571428571428572,407.11700,f4b5cb73,https://comment.bilibili.com/373222637.xml
"自信优雅的女性",0.9988561620645814,379.19900,1d417747,https://comment.bilibili.com/373222637.xml
"【夺笋】",0.5,393.05400,dc95e6ea,https://comment.bilibili.com/373222637.xml
"真是可贵的父母",0.9610569575537918,3414.93900,654b03ad,https://comment.bilibili.com/373222637.xml
"好美",0.9119686661707733,3065.74000,62b75de6,https://comment.bilibili.com/373222637.xml
"董卿真的好知性",0.9161577598816835,2708.65800,62b75de6,https://comment.bilibili.com/373222637.xml
"费奥多尔•米哈伊洛维奇•陀思妥耶夫斯基",0.41520637506757285,2778.79400,d06f0470,https://comment.bilibili.com/373222637.xml
"费奥多尔•米哈伊洛维奇•陀思妥耶夫斯基",0.41520637506757285,2778.79400,d06f0470,https://comment.bilibili.com/373222637.xml
"费奥多尔•米哈伊洛维奇•陀思妥耶夫斯基",0.41520637506757285,2777.19400,d06f0470,https://comment.bilibili.com/373222637.xml
"Nuvole Bianche",0.4737672181921908,1543.99000,8414d0,https://comment.bilibili.com/373222637.xml
"没有弹幕吗",0.5,18.77000,9870560f,https://comment.bilibili.com/373222637.xml
"很想很想她…妈妈qq",0.9530574379980872,1226.70900,fd3600db,https://comment.bilibili.com/373222637.xml
"知性美",0.9645124027416108,427.96400,cd95a859,https://comment.bilibili.com/373222637.xml
"太伟大了",0.34387502381406,1529.18000,f3053ce7,https://comment.bilibili.com/373222637.xml
"小李子",0.37031822970026784,421.54200,ec6357fc,https://comment.bilibili.com/373222637.xml
"好嗲",0.6317853705682674,874.72300,1ff2fdb0,https://comment.bilibili.com/373222637.xml
"昨天鼓起勇气看完了唐山大地震",0.996646030422737,134.75900,bfeff173,https://comment.bilibili.com/373222637.xml
"泪目",0.7500624229391235,1775.53800,128a704d,https://comment.bilibili.com/373222637.xml
"姚贝娜",0.4737672181921908,2184.10700,cdc9d5c3,https://comment.bilibili.com/373222637.xml
"哎",0.5262327818078083,4240.91900,92b49c35,https://comment.bilibili.com/373222637.xml
"姚贝娜",0.4737672181921908,2168.15600,e57f8b1d,https://comment.bilibili.com/373222637.xml
"董卿是一个优秀的主持人",0.865239765387487,1634.99200,678885e2,https://comment.bilibili.com/373222637.xml
"哇！好刚硬",0.2588498126952954,3937.79200,82745d7,https://comment.bilibili.com/373222637.xml
"她有国外血统吧",0.36659314554204425,3081.14800,82745d7,https://comment.bilibili.com/373222637.xml
"你好",0.5312500000000001,63.41700,21aef59c,https://comment.bilibili.com/373222637.xml
"泪目",0.7500624229391235,2596.11900,7619626b,https://comment.bilibili.com/373222637.xml
"破防了",0.1759559964475833,1808.28900,20708c65,https://comment.bilibili.com/373222637.xml
"有人吗",0.5543071161048689,82.74700,c3268e01,https://comment.bilibili.com/373222637.xml
"泪目",0.7500624229391235,2599.44100,1d0a11fb,https://comment.bilibili.com/373222637.xml
"郭亦wei",0.9155955823021902,647.66100,4baf938,https://comment.bilibili.com/373222637.xml
"好美",0.9119686661707733,369.51400,b8c91715,https://comment.bilibili.com/373222637.xml
"!!",0.34426229508196715,3041.15400,9aa9b887,https://comment.bilibili.com/373222637.xml
"太伟大了",0.34387502381406,1878.62300,a2e903af,https://comment.bilibili.com/373222637.xml
"有",0.5262327818078083,374.15900,d4123fb3,https://comment.bilibili.com/373222637.xml
"这些可爱可敬的人啊",0.8198939045039605,4624.24300,87852b7d,https://comment.bilibili.com/373222637.xml
"许安华？",0.6321844467865266,445.55900,f19b1a9a,https://comment.bilibili.com/373222637.xml
"哭的不行了",0.43259936313267766,1879.16300,286b9b3e,https://comment.bilibili.com/373222637.xml
"好可爱",0.8789676580241895,788.48800,9f1a1d5c,https://comment.bilibili.com/373222637.xml
"许鞍华吧",0.6321844467865266,445.41900,9f1a1d5c,https://comment.bilibili.com/373222637.xml
"泪目",0.7500624229391235,276.57000,9f1a1d5c,https://comment.bilibili.com/373222637.xml
"绷不住了",0.3837954900615025,1777.65500,f6f59ff6,https://comment.bilibili.com/373222637.xml
"不敢再看了",0.1877532448718191,1336.65500,f6f59ff6,https://comment.bilibili.com/373222637.xml
"希望这样的人会被世界关爱",0.9953419184598825,2604.06000,11621f17,https://comment.bilibili.com/373222637.xml
"只是这个世界对于真实漠不关心而已，习惯就好了",0.9874007928937942,2525.66000,11621f17,https://comment.bilibili.com/373222637.xml
"越听越难受了(╥﹏╥)",0.5989686020563535,1575.65400,3e607bea,https://comment.bilibili.com/373222637.xml
"泪目",0.7500624229391235,1535.61100,3e607bea,https://comment.bilibili.com/373222637.xml
"有",0.5262327818078083,386.16900,435e99f7,https://comment.bilibili.com/373222637.xml
"泪目",0.7500624229391235,1781.73300,78af305f,https://comment.bilibili.com/373222637.xml
"大爱",0.7526095931727222,1863.62800,9b9c9f9a,https://comment.bilibili.com/373222637.xml
"再请黄泓翔来一次呗，听说他还在中国",0.2711450162087008,4.07100,141bf430,https://comment.bilibili.com/373222637.xml
"哭死",0.49725092328909837,1828.72900,bb9a010c,https://comment.bilibili.com/373222637.xml
"有",0.5262327818078083,388.70600,539f4aee,https://comment.bilibili.com/373222637.xml
"想已经走了的爷爷",0.8844540030134913,397.22300,eae8bcf0,https://comment.bilibili.com/373222637.xml
"说美国人的给爷滚",0.5668700626322362,129.27200,b0c5f78f,https://comment.bilibili.com/373222637.xml
"哭了",0.7049180327868854,1692.42100,da3e894f,https://comment.bilibili.com/373222637.xml
"有",0.5262327818078083,373.82600,e952cabf,https://comment.bilibili.com/373222637.xml
"粤语真的有一番别样的感觉",0.8299682591858158,1016.28900,c84a7de3,https://comment.bilibili.com/373222637.xml
"老乡啊",0.19999999999999996,2288.40900,e28fc281,https://comment.bilibili.com/373222637.xml
"泪目",0.7500624229391235,1856.70100,393ca67e,https://comment.bilibili.com/373222637.xml
"哭惨了",0.8113717172248371,1896.06000,cebab902,https://comment.bilibili.com/373222637.xml
"4",0.4109289617486338,60.77400,f3477737,https://comment.bilibili.com/373222637.xml
"想家了",0.526223803602633,423.26000,2fd545f9,https://comment.bilibili.com/373222637.xml
"可以看出崔老是个直率不善表达的人",0.9544272961125806,4790.79600,3ac2f38c,https://comment.bilibili.com/373222637.xml
"这才是明星 国家脊梁",0.9195859076718498,4057.23400,3ac2f38c,https://comment.bilibili.com/373222637.xml
"天哪",0.38121739130434773,3052.23900,d6aa8ae6,https://comment.bilibili.com/373222637.xml
"好漂亮",0.9389688394024527,3076.44900,f61cf422,https://comment.bilibili.com/373222637.xml
"八",0.647058823529412,2727.39400,3cc8cb3e,https://comment.bilibili.com/373222637.xml
"4",0.4109289617486338,64.27600,7cb58797,https://comment.bilibili.com/373222637.xml
"泪目",0.7500624229391235,1890.75400,d498e5a2,https://comment.bilibili.com/373222637.xml
"蚌埠住了",0.5,233.33900,4754db55,https://comment.bilibili.com/373222637.xml
"有",0.5262327818078083,388.00600,58db40a8,https://comment.bilibili.com/373222637.xml
"4",0.4109289617486338,62.50400,58db40a8,https://comment.bilibili.com/373222637.xml
"女神",0.7499999999999999,3750.94500,4dba1cd6,https://comment.bilibili.com/373222637.xml
"有",0.5262327818078083,385.18300,5a181239,https://comment.bilibili.com/373222637.xml
"有",0.5262327818078083,377.42300,868f9fc9,https://comment.bilibili.com/373222637.xml
"jue色",0.2349833402243734,2012.96800,e506da0e,https://comment.bilibili.com/373222637.xml
"百年",0.7499999999999999,4534.89200,43c94b0f,https://comment.bilibili.com/373222637.xml
"老爷子幽默",0.5141496674079603,4523.80200,43c94b0f,https://comment.bilibili.com/373222637.xml
"7",0.45185185185185184,66.85800,139ba8a4,https://comment.bilibili.com/373222637.xml
"有",0.5262327818078083,379.34300,ebf76299,https://comment.bilibili.com/373222637.xml
"有",0.5262327818078083,378.79900,188486f9,https://comment.bilibili.com/373222637.xml
"有人吗",0.5543071161048689,369.75800,10a50c33,https://comment.bilibili.com/373222637.xml
"完全不懂",0.36640949774400133,862.34000,fb13140e,https://comment.bilibili.com/373222637.xml
"这么少的评论",0.3331237275710137,136.86900,b19e2599,https://comment.bilibili.com/373222637.xml
"老奶奶好爽朗",0.8607041240282342,4497.21900,958b6a77,https://comment.bilibili.com/373222637.xml
"大难不死，必有后福啊",0.2644156434385274,4193.82600,958b6a77,https://comment.bilibili.com/373222637.xml
"好可怕",0.5391426119377016,4169.73300,958b6a77,https://comment.bilibili.com/373222637.xml
"天哪",0.38121739130434773,4167.94100,958b6a77,https://comment.bilibili.com/373222637.xml
"哇一点都看不出来有八十五岁了",0.4643268977635949,3890.89900,958b6a77,https://comment.bilibili.com/373222637.xml
"老人家身体真好",0.9031136369758846,3889.65600,958b6a77,https://comment.bilibili.com/373222637.xml
"别有一番风味",0.886397167825185,3701.05600,958b6a77,https://comment.bilibili.com/373222637.xml
"很少听到有人把戏词读出来",0.8585853535162183,3692.37300,958b6a77,https://comment.bilibili.com/373222637.xml
"父母都是很有文化的人 家庭氛围特别好的感觉",0.9972524918472664,3361.16900,958b6a77,https://comment.bilibili.com/373222637.xml
"到现在也没有贴上哈哈哈呵呵呵",0.9199994974167502,3337.12100,958b6a77,https://comment.bilibili.com/373222637.xml
"所以烦恼居然来自腿太长……果然是我不配了",0.6961521102296554,3309.63000,958b6a77,https://comment.bilibili.com/373222637.xml
"里面包括曾黎",0.54048298948128,3147.74700,d31b97dd,https://comment.bilibili.com/373222637.xml
"20210812戴拿打卡",0.9240011473500075,3057.07200,d31b97dd,https://comment.bilibili.com/373222637.xml
